"ID","Description","GeneRatio","BgRatio","RichFactor","FoldEnrichment","zScore","pvalue","p.adjust","qvalue","geneID","Count"
"GO:0002429","immune response-activating cell surface receptor signaling pathway","8/48","332/18888",0.0240963855421687,9.48192771084337,7.87015138634615,1.71342324799295e-06,0.00165828693474143,0.0014428470080542,"PDE4B/LAX1/CD8A/CD8B/TRAT1/TLR2/CD3G/FPR2",8
"GO:0002768","immune response-regulating cell surface receptor signaling pathway","8/48","360/18888",0.0222222222222222,8.74444444444445,7.48839781079422,3.12589431619496e-06,0.00165828693474143,0.0014428470080542,"PDE4B/LAX1/CD8A/CD8B/TRAT1/TLR2/CD3G/FPR2",8
"GO:0050851","antigen receptor-mediated signaling pathway","6/48","208/18888",0.0288461538461538,11.3509615384615,7.57679585495528,1.38484733474526e-05,0.00489774340721575,0.00426144250025122,"PDE4B/LAX1/CD8A/CD8B/TRAT1/CD3G",6
"GO:0050852","T cell receptor signaling pathway","5/48","146/18888",0.0342465753424658,13.4760273972603,7.63847111251269,3.37566156451141e-05,0.00719375651734722,0.00625916411103082,"PDE4B/CD8A/CD8B/TRAT1/CD3G",5
"GO:0002757","immune response-activating signaling pathway","8/48","500/18888",0.016,6.296,6.05797379929383,3.39008318442376e-05,0.00719375651734722,0.00625916411103082,"PDE4B/LAX1/CD8A/CD8B/TRAT1/TLR2/CD3G/FPR2",8
